USE master;
CREATE DATABASE test11;
GO
USE test11
CREATE TABLE DEPT0
       (DEPTNO DECIMAL(2) CONSTRAINT pk_dept0 PRIMARY KEY,
        DNAME VARCHAR(14),
        LOC VARCHAR(13) );

INSERT INTO DEPT0 VALUES (10, 'ACCOUNTING', 'NEW YORK');
INSERT INTO DEPT0 VALUES (20, 'RESEARCH',   'DALLAS');
INSERT INTO DEPT0 VALUES (30, 'SALES',      'CHICAGO');
INSERT INTO DEPT0 VALUES (40, 'OPERATIONS', 'BOSTON');

CREATE TABLE EMP0
       (EMPNO DECIMAL(4) CONSTRAINT pk_emp0 PRIMARY KEY,
        ENAME VARCHAR(10),
        JOB VARCHAR(9),
        MGR DECIMAL(4),
        HIREDATE DATE,
        SAL DECIMAL(7, 2),
        COMM DECIMAL(7, 2),
        DEPTNO DECIMAL(2) CONSTRAINT fk_emp0_dept0 REFERENCES dept0(deptno));

INSERT INTO EMP0 VALUES
        (7369, 'SMITH', 'CLERK', 7902, '1980-12-17', 800, NULL, 20);
INSERT INTO EMP0 VALUES
        (7499, 'ALLEN', 'SALESMAN', 7698, '1981-02-20', 1600,  300, 30);
INSERT INTO EMP0 VALUES
        (7521, 'WARD', 'SALESMAN', 7698, '1981-02-22', 1250,  500, 30);
INSERT INTO EMP0 VALUES
        (7566, 'JONES', 'MANAGER',  7839, '1981-04-02', 2975, NULL, 20);
INSERT INTO EMP0 VALUES
        (7654, 'MARTIN', 'SALESMAN', 7698, '1981-09-28', 1250, 1400, 30);
INSERT INTO EMP0 VALUES
        (7698, 'BLAKE', 'MANAGER', 7839, '1981-05-01', 2850, NULL, 30);
INSERT INTO EMP0 VALUES
        (7782, 'CLARK', 'MANAGER', 7839, '1981-06-09', 2450, NULL, 10);
INSERT INTO EMP0 VALUES
        (7788, 'SCOTT', 'ANALYST', 7566, '1982-12-09', 3000, NULL, 20);
INSERT INTO EMP0 VALUES
        (7839, 'KING', 'PRESIDENT', NULL, '1981-11-17', 5000, NULL, 10);
INSERT INTO EMP0 VALUES
        (7844, 'TURNER', 'SALESMAN', 7698, '1981-09-08', 1500, 0, 30);
INSERT INTO EMP0 VALUES
        (7876, 'ADAMS', 'CLERK', 7788, '1983-01-12', 1100, NULL, 20);
INSERT INTO EMP0 VALUES
        (7900, 'JAMES', 'CLERK', 7698, '1981-12-03', 950, NULL, 30);
INSERT INTO EMP0 VALUES
        (7902, 'FORD', 'ANALYST', 7566, '1981-12-03', 3000, NULL, 20);
INSERT INTO EMP0 VALUES
        (7934, 'MILLER', 'CLERK', 7782, '1982-01-23', 1300, NULL, 10);

CREATE TABLE SALGRADE0
        (GRADE INT,
         LOSAL INTEGER,
         HISAL INTEGER);

INSERT INTO SALGRADE0 VALUES (1,  700, 1200);
INSERT INTO SALGRADE0 VALUES (2, 1201, 1400);
INSERT INTO SALGRADE0 VALUES (3, 1401, 2000);
INSERT INTO SALGRADE0 VALUES (4, 2001, 3000);
INSERT INTO SALGRADE0 VALUES (5, 3001, 9999);

